0,1
[['Abc2'],Mentor6
 ['Abc7'],Mentor6
 ['Abc11']],Mentor6
[['Abc3'],Mentor1
 ['Abc28'],Mentor1
 ['Abc10']],Mentor1
[['Abc15'],Mentor5
 ['Abc4'],Mentor5
 ['Abc13']],Mentor5
[['Abc5'],Mentor9
 ['Abc14'],Mentor9
 ['Abc30']],Mentor9
[['Abc1'],Mentor3
 ['Abc23'],Mentor3
 ['Abc17']],Mentor3
[['Abc12'],Mentor7
 ['Abc26'],Mentor7
 ['Abc27']],Mentor7
[['Abc19'],Mentor8
 ['Abc29'],Mentor8
 ['Abc24']],Mentor8
[['Abc22'],Mentor4
 ['Abc31'],Mentor4
 ['Abc6']],Mentor4
[['Abc21'],Mentor10
 ['Abc18'],Mentor10
 ['Abc16']],Mentor10
